mediaId,media.title.english
21711,91 Days
9776,A-Channel
8101,Hen Zemi
20785,Absolute Duo
21823,ACCA: 13-Territory Inspection Dept.
11759,Accel World
21417,Active Raid
21534,Active Raid Second
21033,"Actually, I Am"
13161,Aesthetica of a Rogue Hero
696,Tenchi Muyo! Tenchi Universe
53,Ai Yori Aoshi
394,Ai Yori Aoshi: Enishi
101,Air
20613,Akame ga Kill!
4744,The Hill Dyed Rose Madder
21410,Alderamin on the Sky
8676,Amagami SS
11235,Amagami SS+ plus
9117,Amagami SS OVA
9925,Amagami SS: Sister
97730,Seiren
21406,Amanchu!
11933,The Ambition of Oda Nobuna
21290,And you thought there is never a girl online?
21439,Ange Vierge
21238,Anne-Happy
11111,Another
20704,Anti-Magic Academy: The 35th Test Platoon
21319,AOKANA: Four Rhythm Across the Blue
7647,Arakawa Under the Bridge
9074,Arakawa Under the Bridge x Bridge
8630,Aria the Scarlet Ammo
20991,Aria the Scarlet Ammo AA
18893,Arpeggio of Blue Steel
9736,Astarotte's Toy
21131,The Asterisk War
21390,The Asterisk War 2
5342,Asura Cryin'
6676,Asura Cryin' 2
20506,Atelier Escha & Logy ~Alchemists of the Dusk Sky~
16498,Attack on Titan
20958,Attack on Titan Season 2
99147,Attack on Titan Season 3
104578,Attack on Titan Season 3 Part 2
66,Azumanga Daioh
7817,Yamada's First Time: B Gata H Kei
2251,Baccano!
6347,Baka and Test - Summon the Beasts
9471,Baka and Test - Summon the Beasts: Matsuri
8516,Baka and Test - Summon the Beasts 2
21197,Bakuon!!
21702,BATTERY the animation
10308,Battle Girls: Time Paradox
21471,BBK/BRNK
21740,BBK/BRNK The Gentle Giants of the Galaxy
21066,Beautiful Bones -Sakurako's Investigation-
9513,Beelzebub
10396,Ben-To
18153,Beyond the Boundary
21445,Big Order
20457,Black Bullet
11285,Black Rock Shooter
7059,Black★Rock Shooter (OVA)
20619,Blade & Soul
18767,BlazBlue: Alter Memory
6979,Blessing of the Campanella
11633,Blood Lad
10490,Blood-C
9919,Blue Exorcist
21861,Blue Exorcist: Kyoto Saga
8917,Bodacious Space Pirates
20454,Brave Witches
11241,Brave 10
10079,A Bridge to the Starry Skies
11161,A Bridge to the Starry Skies OVA
20534,Brynhildr in the Darkness
10162,Bunny Drop
14237,Busou Shinki: Armored War Goddess
10163,[C] - CONTROL - The Money and Soul of Possibility
20446,Captain Earth
97881,Cardcaptor Sakura: Clear Card
232,Cardcaptor Sakura
10012,Carnival Phantasm
20951,Castle Town Dandelion
6166,Cat Planet Cuties
20672,Celestial Method
21608,Cerberus
4654,A Certain Magical Index
8937,A Certain Magical Index II
100185,A Certain Magical Index III
6213,A Certain Scientific Railgun
16049,A Certain Scientific Railgun S
104463,A Certain Scientific Accelerator
20462,Chaika -The Coffin Princess-
20719,Chaika -The Coffin Princess- AVENGING BATTLE
21126,Chaos;Child
4975,ChäoS;HEAd
20997,Charlotte
21092,Chivalry of a Failed Knight
59,Chobits
18495,Chronicles of the Going Home Club
2167,Clannad
4059,"Clannad: Another World, Tomoyo Chapter"
4181,Clannad: After Story
6351,"Clannad: Another World, Kyou Chapter"
21112,Classroom☆Crisis
11703,Code:Breaker
21275,Comet Lucifer
21249,Concrete Revolutio
21540,Concrete Revolutio: THE LAST SONG
10801,Copihan
9479,Coppelion
9938,Croisée in a Foreign Labyrinth ~ The Animation
20877,Cute High Earth Defense Club LOVE!
21293,Cute High Earth Defense Club LOVE! LOVE!
10578,C3
20031,D-Frag!
62,D.C.~Da Capo~
5216,D.C.if: Da Capo if
291,D.C.S.S. ~Da Capo Second Season~
2595,D.C.II: Da Capo II
3627,D.C.II S.S.: Da Capo II Second Season
14827,D.C.III: Da Capo III
21365,Dagashi Kashi
15809,The Devil is a Part-Timer!
11843,Daily Lives of High School Boys
9750,A Dark Rabbit has Seven Lives
1535,Death Note
20931,Death Parade
5177,Electromagnetic Girlfriend
20972,Showa Genroku Rakugo Shinju
21733,Descending Stories: Showa Genroku Rakugo Shinju
20970,Shouwa Genroku Rakugo Shinjuu: Yotarou Hourou-hen
21256,Dimension W
20566,The Disappearance of Nagato Yuki-chan
21122,The Disappearance of Nagato Yuki-chan: I Cannot Let Summer Break End
21380,Divine Gate
17831,Dog & Scissors
10155,Dog Days
11783,Dog Days Season 2
16385,Dog Days Season 3
223,Dragon Ball
6033,Dragon Ball Z Kai
813,Dragon Ball Z
20635,Dragon Ball Z Kai: The Final Chapters
21175,Dragon Ball Super
9331,Dream Eater Merry
6746,Durarara!!
20652,Durarara!! X2
20879,Durarara!! X2 The Second Arc
20880,Durarara!! X2 The Third Arc
12445,Dusk Maiden of Amnesia
14189,"Dusk Maiden of Amnesia: ""Ghost Girl"""
14073,Ebiten: Ebisugawa's Public High School Temonbu
21006,The Eden of Grisaia
2924,ef ~ A Tale of Memories
4789,ef ~ A Tale of Melodies
20483,Engaged to the Unidentified
21234,ERASED
9934,The Everyday Tales of a Cat God
379,Excel Saga
6702,Fairy Tail
20626,Fairy Tail Series 2
99749,Fairy Tail Final Season
1195,The Familiar of Zero
1840,The Familiar of Zero: Knight of the Twin Moons
3712,"The Familiar of Zero: ""Rondo"" of Princesses"
11319,The Familiar of Zero F
15883,Fantasista Doll
14829,Fate/kaleid liner Prisma☆Illya
18851,Fate/kaleid liner Prisma☆Illya: Dance at the Sports Festival!
20467,Fate/kaleid liner Prisma☆Illya 2wei!
20845,Fate/kaleid liner Prisma☆Illya 2wei! Herz!
21379,Fate/kaleid liner Prisma☆Illya 3rei!!
356,Fate/stay night
11741,Fate/Zero Season 2
10087,Fate/Zero
19603,Fate/stay night: Unlimited Blade Works
20792,Fate/stay night: Unlimited Blade Works 2nd Season
98035,Fate/Apocrypha
21714,FLIP FLAPPERS
16201,Flowers of Evil
21284,Flying Witch
8536,FORTUNE ARTERIAL: Akai Yakusoku
9367,Freezing
18001,Freezing Vibration
13125,From the New World
17729,The Fruit of Grisaia
120,Fruits Basket
105334,Fruits Basket (2019)
21887,Fuuka
21878,Gabriel DropOut
1858,Gakuen Utopia Manabi Straight!
19367,Galilei Donna
16524,Gargantia on the Verdurous Planet
20994,Gate
21364,Gate 2
18411,Gingitsune: Messenger Fox of the Gods
21627,Girlish Number
21444,Girls Beyond the Wasteland
14131,Girls und Panzer
18619,Girls und Panzer: This is the Real Anzio Battle!
20849,God Eater
17895,Golden Time
17827,A Good Librarian Like a Good Shepherd
13535,Good Luck Girl!
8425,Gosick
21428,Grimgar of Fantasy and Ash
9379,Ground Control to Psychoelectric Girl
10793,Guilty Crown
3299,H2O: Footprints in the Sand
10719,Haganai
14027,Haganai: Add-on Disc
14967,Haganai NEXT
11785,Nyaruko: Crawling with Love!
15699,Nyaruko-san: Another Crawling Chaos W
6895,Hakuoki ~Demon of the Fleeting Blossom~
9065,Hakuoki ~Demon of the Fleeting Blossom~ Record of the Jade Blood
13115,Hakuoki ~Demon of the Fleeting Blossom~ Dawn of the Shinsengumi
10350,Hakuoki: Demon of the Fleeting Blossom: A Memory of Snow Flowers
20521,Hamatora
20711,Re: Hamatora
9289,Hanasaku Iroha ~Blossoms for Tomorrow~
20575,HaNaYaMaTa
21213,Haruchika - Haruta & Chika
5150,Hatsukoi Limited
21595,Haven't You Heard? I'm Sakamoto
2026,Hayate the Combat Butler
5521,Hayate no Gotoku!!: Atsu ga Natsuize - Mizugi-hen!
4192,Hayate the Combat Butler!!
14653,Hayate the Combat Butler: Can't Take My Eyes Off You
16982,Hayate the Combat Butler: Cuties
5958,Heaven's Lost Property
8407,Heaven's Lost Property: Forte
10568,Heaven's Memo Pad
20881,Heavy Object
20654,Hello!! KINMOZA!
16732,KINMOZA!
15225,Hentai Prince & the Stony Cat
11617,High School DxD
12729,High School DxD OVA
15451,High School DxD NEW
21103,"High School DxD NEW OVA Oppai, Tsutsumimasu!"
20745,High School DxD BorN
21573,High School DxD BorN: Yomigaeranai Fushichou
21316,High School Fleet
934,When They Cry
1889,When They Cry Kai
3652,When They Cry Rei
10357,Humanity Has Declined
21362,Hundred
21378,Hybrid x Heart Magias Academy Ataraxia
12189,Hyouka
16157,Hyperdimension Neptunia
19685,If Her Flag Breaks
20488,Inari Kon Kon
9041,Infinite Stratos
10794,IS: Infinite Stratos Encore: A Sextet Yearning for Love
18247,Infinite Stratos 2
97592,Interviews with Monster Girls
11013,Inu X Boku Secret Service
20458,The Irregular at Magic High School
20920,Is It Wrong to Try to Pick Up Girls in a Dungeon?
21676,Sword Oratoria: Is it Wrong to Try to Pick Up Girls in a Dungeon? On the Side
101167,Is It Wrong to Try to Pick Up Girls in a Dungeon? II
20517,Is the Order a Rabbit?
21034,Is the Order a Rabbit?? Season 2
8841,Is this a Zombie?
10209,Is this a Zombie? OVA
10790,Is this A Zombie? of the Dead
20746,Isuca
14765,Ixion Saga DT
21838,Izetta: The Last Witch
20518,JINSEI - Life Consulting
21291,Joker Game
12413,Jormungand
13331,Jormungand: Perfect Order
12679,Joshiraku
14467,K
20913,K: RETURN OF KINGS
5680,K-ON!
7791,K-ON! Season 2
9734,K-ON! Season 2: Plan!
21196,Kabaneri of the Iron Fortress
489,Kamichu!
10372,Kamisama Dolls
14713,Kamisama Kiss
20801,Kamisama Kiss◎
21186,Kamisama Kiss◎ OVA
6205,Kämpfer
20553,KanColle
3503,Kanokon: The Girl Who Cried Fox
144,Kanon
1530,Kanon (2006)
6594,Katanagatari
20529,The Kawai Complex Guide to Manors and Hostel Behavior
12531,Kids on the Slope
18679,Kill la Kill
11079,Kill Me Baby
3229,Kimi ga Aruji de Shitsuji ga Ore de
147,Rumbling Hearts
3318,Rumbling Hearts OVA
6045,Kimi ni Todoke: From Me to You
9656,Kimi ni Todoke: From Me to You Season 2
7593,kiss×sis (TV)
5042,Kiss x Sis
21421,Kiznaiver
1486,Kodocha
634,Koi Kaze
11887,Kokoro Connect
16001,Kokoro Connect ~ The OVAs
21202,KONOSUBA -God's blessing on this wonderful world!
21699,KONOSUBA -God's blessing on this wonderful world! 2
11227,Lagrange: The Flower of Rin-ne
13727,Lagrange: The Flower of Rin-ne – Kamogawa Days
12281,Lagrange: The Flower of Rin-ne Season 2
20712,Lance N' Masques
11179,"Listen to Me, Girls. I Am Your Father!"
13655,Little Busters!
18195,Little Busters! Refrain
20611,Locodol
17265,Log Horizon
20671,Log Horizon 2
587,Looking Up at the Half-Moon
21567,The Lost Village
20615,selector infected WIXOSS
20714,selector spread WIXOSS
21772,Lostorage incited WIXOSS
98473,Lostorage conflated WIXOSS
16353,Love Lab
14741,"Love, Chunibyo & Other Delusions"
16934,"Love, Chunibyo & Other Delusions: Glimmering...Explosive Festival (Slapstick Noel)"
18671,"Love, Chunibyo & Other Delusions - Heart Throb -"
12175,"Love, Election and Chocolate"
21482,Luck & Logic
21738,Hina Logic - from Luck & Logic
1887,Lucky☆Star
4472,Lucky☆Star OVA
16067,A Lull in the Sea (Nagi-Asu: Nagi no Asukara)
169,Lunar Legend Tsukihime
20647,M3: Sono Kuroki Hagane
14513,Magi: The Labyrinth of Magic
21394,Magi: Adventure of Sinbad
18115,Magi: The Kingdom of Magic
21340,Magical Girl Raising Project
19769,Magical Warfare
20708,Magimoji Rurumo
104291,Magimoji Rurumo OAD
10213,Majikoi: Oh! Samurai Girls
9936,Maken-Ki! Battling Venus
11209,Maken-Ki! OVA
15565,Maken-Ki! Battling Venus 2
14833,Maoyu: Archenemy & Hero
21366,March comes in like a lion
98478,March comes in like a lion Season 2
20840,Maria the Virgin Witch
10397,Mashiroiro Symphony
21873,Matoi the Sacred Slayer
10110,Mayo Chiki!
7590,Mayoi Neko Overrun!
11761,Medaka Box
14527,Medaka Box Abnormal
849,The Melancholy of Haruhi Suzumiya
4382,The Melancholy of Haruhi Suzumiya (2009)
20983,Mikagura School Suite
21776,Miss Kobayashi's Dragon Maid
8424,MM!
21507,Mob Psycho 100
101338,Mob Psycho 100 II
2581,Mobile Suit Gundam 00
3927,Mobile Suit Gundam 00 Second Season
21268,Mobile Suit GUNDAM Iron Blooded Orphans
21749,Mobile Suit GUNDAM Iron Blooded Orphans 2
20668,Monthly Girls' Nozaki-kun
11021,Muv-Luv Alternative: Total Eclipse
21201,Schwarzes Marken
21459,My Hero Academia
21856,My Hero Academia Season 2
100166,My Hero Academia Season 3
14227,My Little Monster
20946,My Love Story!!
19221,My Mental Choices Are Completely Interfering With My School Romantic Comedy
14813,My Teen Romantic Comedy SNAFU
20698,My Teen Romantic Comedy SNAFU TOO!
21306,Myriad Colors Phantom World
12467,Mysterious Girlfriend X
8915,The Mystic Archives of Dantalian
13367,NAKAIMO - My Little Sister Is Among Them!
20556,Nanana's Buried Treasure
20,Naruto
1735,Naruto: Shippuden
97938,Boruto: Naruto Next Generations
12119,Natsuiro Kiseki
21455,NEW GAME!
98292,NEW GAME!!
10165,Nichijou - My Ordinary Life
18897,Nisekoi
20876,Nisekoi:
19815,"No Game, No Life"
20509,Nobunaga the Fool
17549,Non Non Biyori
20694,Non Non Biyori Repeat
20447,Noragami
21128,Noragami Aragoto
20643,Norn9
6512,Nyan Koi!
6974,Occult Academy
21708,Occultic;Nine
7769,Okami-san and Her Seven Companions
21087,One-Punch Man
97668,One-Punch Man Season 2
14199,OniAi
9587,I don't like my big brother at all!!
21647,Orange
8769,Oreimo
13659,Oreimo 2
18857,Oreimo 2 (ONA)
14749,Oreshura
853,Ouran High School Host Club
19369,Outbreak Company
20832,Overlord
98437,Overlord II
101474,Overlord III
21511,Pandora in the Crimson Shell Ghost Urn
21190,The Perfect Insider
13759,The Pet Girl of Sakurasou
19117,The Pilot's Love Song
20607,Ping Pong the Animation
12291,Place to Place
21732,Planetarian
20872,Plastic Memories
530,Sailor Moon
740,Sailor Moon R
532,Sailor Moon S
1239,Sailor Moon SuperS
996,Sailor Moon Sailor Stars
14751,Sailor Moon Crystal
21462,Sailor Moon Crystal Season 3
21330,Prince of Stride: Alternative
7662,Psychic Detective Yakumo
13601,PSYCHO-PASS
20513,PSYCHO-PASS 2
9756,Puella Magi Madoka Magica
21557,Qualidea Code
10611,R-15
21189,Rampo Kitan: Game of Laplace
20814,Re-Kan!
21355,Re:ZERO -Starting Life in Another World-
17777,"Recently, My Sister Is Unusual"
14921,Red Data Girl
21497,Reikenzan: Hoshikuzu-tachi no Utage
21744,Reikenzan: Eichi e no Shikaku
21049,ReLIFE
98635,ReLIFE: Final Arc
21382,Rewrite
97665,Rewrite: Moon and Terra
19429,Riddle Story of Devil
8241,Rio: Rainbow Gate!
10572,Ro-Kyu-Bu ~ Fast Break!
16051,Ro-Kyu-Bu! SS
13599,Robotics;Notes
20955,Rokka -Braves of the Six Flowers-
20815,The Rolling Girls
45,Rurouni Kenshin
3470,S.A: Special A
20657,Saekano: How to Raise a Boring Girlfriend
21180,Saekano: How to Raise a Boring Girlfriend ♭
21613,Saga of Tanya the Evil
5671,Saki
10884,Saki -  Episode of Side A
16123,Saki: The Nationals
20047,Sakura Trick
8277,Samurai Girls
11499,Sankarea: Undying Love
14289,"Say ""I love you""."
2476,School Days (TV)
20754,SCHOOL-LIVE!
21715,Scorching Ping Pong Girls
21701,Scum's Wish
8675,Seitokai Yakuindomo
10119,Seitokai Yakuindomo OVA
20448,Seitokai Yakuindomo Season 2
21009,Seiyu's Life!
4063,Sekirei
5277,Sekirei: Pure Engagement
12611,Sengoku Collection
18119,Servant x Service
16355,The Severing Crime Edge
355,Shakugan no Shana
2787,Shakugan no Shana: Season II 
6572,Shakugan no Shana S
6773,Shakugan no Shana: Season III
20910,SHIMONETA: A Boring World Where the Concept of Dirty Jokes Doesn’t Exist
12367,Shining Hearts
20771,Shomin Sample
79,SHUFFLE!
9863,SKET Dance
20774,Sky Wizards Academy
21058,Snow White with the Red Hair
21258,Snow White with the Red Hair Season 2
12549,"So, I Can't Play H!"
10109,Softenni
1965,sola
17651,Day Break Illusion
3588,Soul Eater
20547,Soul Eater Not!
20912,Sound! Euphonium
21460,Sound! Euphonium 2
20057,Space Dandy
341,Spiral: Bond of Reasoning
8557,Squid Girl
10378,Squid Girl 2
9253,Steins;Gate
21127,Steins;Gate 0
17821,"Stella Women's Academy, High School Division Class C3"
12967,La Storia Della Arcana Famiglia
18277,Strike the Blood
21815,Strike the Blood Second
5909,Student Council's Discretion
10464,Student Council's Discretion Level 2
16009,Sunday Without God
20475,Sabagebu! - Survival Game Club!
21659,Sweetness & Lightning
11757,Sword Art Online
20594,Sword Art Online II
100183,Sword Art Online Alternative: Gun Gale Online
100182,Sword Art Online: Alicization
21031,Taboo Tattoo
16417,Tamako Market
9055,Tamayura
10232,Tamayura: Hitotose
15731,Tamayura: More Aggressive
21495,Tanaka-kun is Always Listless
13333,Tari Tari
20661,Terror in Resonance
20678,The Testament of Sister New Devil
21110,The Testament of Sister New Devil BURST
21457,This Art Club Has a Problem!
21334,"Three Leaves, Three Colors"
687,Tokyo Mew Mew
16011,Tokyo Ravens
4224,Toradora!
21832,Trickster
20631,TRINITY SEVEN
15379,The Troubled Life of Miss Kotoura
21499,Twin Star Exorcists
21018,Ultimate Otaku Teacher
10798,UN-GO
17247,Unbreakable Machine-Doll
21188,Undefeated Bahamut Chronicle
20758,Unlimited Fafnir
12317,Upotte!!
21116,Valkyrie Drive: Mermaid
6956,Wagnaria!!
21764,WWW.WAGNARIA!!
10521,Wagnaria!!2
20819,Wagnaria!!3
11433,Waiting in the Summer
19151,Walkure Romanze
16742,"WataMote: No Matter How I Look At It, It's You Guys' Fault I'm Not Popular!"
9922,We Without Wings – Under the Innocent Sky
20646,When Supernatural Battles Became Commonplace
17919,Wish Upon the Pleiades
20503,Witch Craft Works
20053,Wizard Barristers
20627,World Break: Aria of Curse for a Holy Swordsman
8525,The World God Only Knows
10080,The World God Only Knows II
10805,The World God Only Knows: 4 Girls and an Idol
15117,The World God Only Knows: Tenri Arc
16706,The World God Only Knows: Goddesses
20599,The World is Still Beautiful
184,Xenosaga: The Animation
20966,Yamada and the Seven Witches
8861,Yosuga no Sora: In Solitude Where We are Least Alone
4548,Yozakura Quartet
18497,Yozakura Quartet: Hana no Uta
20800,Yuki Yuna is a Hero
97769,Yuki Yuna is a Hero: The Hero Chapter
100791,Yuki Yuna is a Hero: The Washio Sumi Chapter
21709,Yuri!!! on ICE
20827,Yurikuma Arashi
10495,YuruYuri
12403,YuruYuri Season 2
21088,YuruYuri Season 3
15911,Yuyushiki
8476,Zakuro
105333,Dr. STONE
105310,Fire Force
100668,Arifureta: From Commonplace to World's Strongest
101547,Isekai Cheat Magician
104723,Do You Love Your Mom and Her Two-Hit Multi-Target Attacks?
106918,Lord El-Melloi II's Case Files {Rail Zeppelin} Grace note
107663,ASTRA LOST IN SPACE
107956,"If It's for My Daughter, I'd Even Defeat a Demon Lord"
105932,O Maidens in Your Savage Season
107961,"Hensuki: Are you willing to fall in love with a pervert, as long as she’s a cutie?"
104252,"Demon Lord, Retry!"
106893,Cop Craft
108147,GRANBELM
107490,The Demon Girl Next Door
103048,Re:Stage! Dream Days
101922,Demon Slayer: Kimetsu no Yaiba
100112,Wise Man’s Grandchild
105914,The Helpful Fox Senko-san
103900,We Never Learn: BOKUBEN
107418,Fairy gone
102939,Midnight Occult Civil Servants
99263,The Rising of the Shield Hero
101759,The Promised Neverland
101921,Kaguya-sama: Love is War
103139,Domestic Girlfriend
103572,The Quintessential Quintuplets
101283,Boogiepop and Others
102882,Real Girl 2
101930,Girly Air Force
104674,The Price of Smiles
101165,GOBLIN SLAYER
101291,Rascal Does Not Dream of Bunny Girl Senpai
101280,That Time I Got Reincarnated as a Slime
99424,SSSS.GRIDMAN
101014,RELEASE THE SPYCE
101004,How NOT to Summon a Demon Lord
101292,Holmes of Kyoto
100298,Megalobox
100179,Tada Never Falls In Love
100526,Real Girl
98477,Frankenstein Family
100532,Amanchu! ~Advance~
99423,DARLING in the FRANXX
99426,A Place Further Than the Universe
97832,Citrus
98444,Laid-Back Camp
97907,Death March to the Parallel World Rhapsody
97768,Record of Grancrest War
99507,The Ryuo's Work is Never Done!
99483,Hakata Tonkotsu Ramens
98439,Mitsuboshi Colors
98693,Slow Start
98747,Katana Maidens ~ Toji No Miko
99720,Maerchen Maedchen
98436,The Ancient Magus' Bride
97994,BLEND-S
99726,Recovery of an MMO Junkie
98596,A Sister's All You Need.
98443,JUNI TAISEN：ZODIAC WAR
98820,Just Because!
98951,My Girlfriend is Shobitch
99698,King's Game
100684,Recovery of an MMO Junkie OVA
98977,Our love has always been 10 centimeters apart.
98607,Anime-Gataris
98513,URAHARA
97986,Made in Abyss
97766,GAMERS!
98659,Classroom of the Elite
98491,In Another World With My Smartphone
97863,My First Girlfriend is a Gal
98505,Princess Principal
98320,LOVE and LIES
97663,Knight's & Magic
97979,Fastest Finger First
98631,Convenience Store Boy Friends
97707,Escha Chron
21685,Eromanga Sensei
98202,Tsukigakirei
97980,Re:CREATORS
21700,Akashic Records of Bastard Magic Instructor
21860,WorldEnd: What are you doing at the end of the world? Are you busy? Will you save us?
97660,Sagrada Reset
21563,Clockwork Planet
97903,Sakura Quest
97821,Alice & Zoroku
21452,KADO: The Right Answer
87517,Hinako Note
97625,Tsugumomo
97932,The Royal Tutor
21857,Masamune-kun's Revenge
21858,Little Witch Academia (TV)
1313,Digimon: Digital Monsters 02
552,Digimon: Digital Monsters
5702,Sora wo Miageru Shoujo no Hitomi ni Utsuru Sekai
101348,Vinland Saga
105156,Cautious Hero: The Hero Is Overpowered but Overly Cautious
103275,Fate/Grand Order Absolute Demonic Front: Babylonia
104464,ORESUKI: Are you the only one who loves me?
104159,AZUR LANE
110229,We Never Learn!: BOKUBEN Season 2
108388,High School Prodigies Have It Easy Even In Another World
101227,Didn't I Say to Make My Abilities Average in the Next Life?!
104115,After School Dice Club
108554,Special 7: Special Crime Investigation Unit
109089,Outburst Dreamer Boys (TV)
110789,Null & Peta
100246,Z/X: Code Reunion
110810,Kandagawa Jet Girls
109298,Keep Your Hands Off Eizouken!
104051,Magia Record: Puella Magi Madoka Magica Side Story
108092,Asteroid in Love
110350,ID: INVADED
105190,Darwin's Game
112293,Seton Academy: Join the Pack!
101350,pet
101168,Plunderer
101367,Sorcerous Stabber Orphen
108617,Somali and the Forest Spirit
104462,A Certain Scientific Railgun T
107201,In/Spectre
106863,Nekopara
108463,Toilet-bound Hanako-kun
107067,"Science Fell in Love, So I Tried to Prove It"
107420,Infinite Dendrogram
106479,"BOFURI: I Don't Want to Get Hurt, so I'll Max Out My Defense."
101351,Happy Sugar Life
101349,BABYLON
108307,PSYCHO-PASS 3
108478,No Guns Life
113917,PSYCHO-PASS 3: First Inspector
111501,Smile Down the Runway
104391,"If My Favorite Pop Idol Made It to the Budokan, I Would Die"
113932,Pokémon: Twilight Wings
111951,The Case Files of Jeweler Richard
108714,ACCA: 13-Territory Inspection Dept. - Regards
99807,22/7 (nanabun no nijyuuni)
112125,Is It Wrong to Try to Pick Up Girls in a Dungeon? II: Is It Wrong to Go Searching for Herbs on a Deserted Island?
110445,Do You Love Your Mom and Her Two-Hit Multi-Target Attacks?: Do You Love Your Mom on the Shore?
113864,Special Crime Investigation Unit - Special 7 OVA
114926,Kandagawa Jet Girls OVA
98515,Hatena Illusion
113311,Kakushigoto
112166,Outburst Dreamer Boys: It's the Destiny of Those Born as Men
111762,Fruits Basket Season 2
109020,"SING ""YESTERDAY"" FOR ME"
115230,Tower of God
113693,Ascendance of a Bookworm Part 2
104647,My Next Life as a Villainess: All Routes Lead to Doom!
114888,The Millionaire Detective - Balance: UNLIMITED
110547,Arte
114811,Digimon Adventure:
112444,APPARE-RANMAN!
107871,Princess Connect! Re:Dive
112353,"Wave, Listen to Me!"
108266,Tsugumomo2
108241,Gleipnir
109019,Diary of Our Days at the Breakwater
106319,The 8th Son? Are You Kidding Me?
109856,Listeners
110458,Shironeko Project ZERO CHRONICLE
113570,"Shachibato! President, It's Time for Battle!"
111500,Sakura Wars the Animation
100077,HINAMATSURI
99578,Wotakoi: Love is Hard for Otaku
98658,Revue Starlight
99131,Comic Girls
101316,IRODUKU: The World in Colors
100010,MAGICAL GIRL SITE
5081,Bakemonogatari
11597,Nisemonogatari
15689,Nekomonogatari Black
21262,Owarimonogatari
20918,Tsukimonogatari
17074,Monogatari Series Second Season
21745,Owarimonogatari Second Season
20593,Hanamonogatari
100815,Zoku Owarimonogatari
21520,Koyomimonogatari
9989,Anohana: The Flower We Saw That Day
30,Neon Genesis Evangelion
101281,Carole & Tuesday
107660,BEASTARS
108632,Re:ZERO -Starting Life in Another World- Season 2
108489,My Teen Romantic Comedy SNAFU Climax!
114236,Fire Force Season 2
116006,The God of High School
114308,Sword Art Online: Alicization - War of Underworld Part 2
113813,Rent-a-Girlfriend
112301,The Misfit of Demon King Academy: History’s Strongest Demon King Reincarnates and Goes to School with His Descendants
110353,DECA-DENCE
115113,Uzaki-chan Wants to Hang Out!
113286,Monster Girl Doctor
112818,SUPER HXEROS
112803,No Guns Life Season 2
104937,Lapis Re:LiGHTs
113415,JUJUTSU KAISEN
112124,Is It Wrong to Try to Pick Up Girls in a Dungeon? III
112300,The Irregular at Magic High School: Visitor Arc
116267,TONIKAWA: Over The Moon For You
114446,Higurashi: When They Cry - GOU
116673,BURN THE WITCH
112609,Wandering Witch: The Journey of Elaina
116005,Noblesse
118419,The Day I Became a God
116566,Akudama Drive
112667,Our Last Crusade or the Rise of a New World
109287,Adachi and Shimamura
116242,I'm Standing on a Million Lives
117343,Talentless Nana
111324,Ikebukuro West Gate Park
114124,Moriarty the Patriot
112479,Assault Lily BOUQUET
111428,Sleepy Princess in the Demon Castle
115740,By the Grace of the Gods
114340,Kuma Kuma Kuma Bear
118376,KING's RAID: Successors of the Will
116173,Warlords of Sigrdrifa
104198,Is the Order a Rabbit? BLOOM
108713,Dropout Idol Fruit Tart
117755,MAGATSU WAHRHEIT
103119,Strike Witches: Road to Berlin
110277,Attack on Titan Final Season
108725,The Promised Neverland Season 2
113936,Dr. STONE: STONE WARS
108511,That Time I Got Reincarnated as a Slime Season 2
119661,Re:ZERO -Starting Life in Another World- Season 2 Part 2
109261,The Quintessential Quintuplets 2
124080,Horimiya
108465,Mushoku Tensei: Jobless Reincarnation
104459,LAID-BACK CAMP SEASON2
114862,Log Horizon: Destruction of the Round Table
103632,"So I'm a Spider, So What?"
113425,Redo of Healer
112443,Bottom-Tier Character Tomozaki
113231,2.43: Seiin High School Boys Volleyball Team
118375,The Hidden Dungeon Only I Can Enter
112649,Suppose a Kid from the Last Dungeon Boonies moved to a starter town?
116287,Otherside Picnic
109403,Non Non Biyori Nonstop
113585,Skate-Leading Stars
124131,Gekidol
116944,WIXOSS DIVA(A)LIVE
124153,SK8 the Infinity
114085,Kemono Jihen
124845,WONDER EGG PRIORITY
113814,Idoly Pride
117193,My Hero Academia Season 5
124194,Fruits Basket The Final Season
114232,"Higehiro: After Being Rejected, I Shaved and Took in a High School Runaway"
116588,Combatants Will Be Dispatched!
116338,Welcome to Demon School! Iruma-kun Season 2
114840,Koikimo
124858,Moriarty the Patriot Part 2
113359,MEGALOBOX 2: NOMAD
115183,MARS RED
128546,Vivy -Fluorite Eye's Song-
113950,SSSS.DYNAZENON
129664,JORAN THE PRINCESS OF SNOW AND BLOOD
123494,"Farewell, My Dear Cramer"
123802,The Saint's Magic Power is Omnipotent
129386,SEVEN KNIGHTS REVOLUTION: Hero Successor
125426,The Way of the Househusband
16592,Danganronpa: The Animation
21803,Kubikiri Cycle: The Blue Savant and the Nonsense User
114535,To Your Eternity
120120,Tokyo Revengers
116589,86 EIGHTY-SIX
117448,How NOT to Summon a Demon Lord Ω
112608,I've Been Killing Slimes for 300 Years and Maxed Out My Level
116741,The Slime Diaries
124675,Osamake: Romcom Where The Childhood Friend Won't Lose
125038,SHADOWS HOUSE
126791,Full Dive: This Ultimate Next-Gen Full Dive RPG Is Even Shittier than Real Life!
122348,Those Snow White Notes
113428,Pretty Boy Detective Club
113418,Super Cub
120376,The World Ends with You The Animation
127368,Is It Wrong to Try to Pick Up Girls in a Dungeon? III: Is It Wrong to Try to Find a Hot Spring in Orario? -Bath God Forever-
132096,Miss Kobayashi's Dragon Maid S: Miniature Dragon
129814,Blue Reflection Ray
116742,That Time I Got Reincarnated as a Slime Season 2 Part 2
107717,Miss Kobayashi's Dragon Maid S
128712,The Detective Is Already Dead
131646,The Case Study of Vanitas
126192,"Girlfriend, Girlfriend"
114065,Remake Our Life!
117612,How a Realist Hero Rebuilt the Kingdom
120209,My Next Life as a Villainess: All Routes Lead to Doom! X
132126,Sonny Boy
128545,The aquatope on white sand
126546,Seirei Gensouki: Spirit Chronicles
122441,Peach Boy Riverside
129277,The Duke of Death and His Maid
125206,TSUKIMICHI -Moonlit Fantasy-
132456,The Great Jahy Will Not Be Defeated!
114302,Drug Store in Another World - The Slow Life of a Cheat Pharmacist
120608,The Dungeon of Black Company
131150,Scarlet Nexus
127366,I'm Standing on a Million Lives Season 2
127688,The Honor at Magic High School
122434,The Idaten Deities Know Only Peace
126047,Battle Game in 5 Seconds
131149,Higurashi: When They Cry - SOTSU
114979,Love Live! Superstar!!
125446,Kageki Shojo!!
117002,Magia Record: Puella Magi Madoka Magica Side Story Season 2 -The Eve of Awakening-
108268,Ascendance of a Bookworm
127720,Mushoku Tensei: Jobless Reincarnation Cour 2
131586,86 EIGHTY-SIX Part 2
131083,Mieruko-chan
131019,Irina: The Vampire Cosmonaut
126790,Selection Project
129068,"The Fruit of Evolution: Before I Knew It, My Life Had It Made"
122292,Yuki Yuna is a Hero: The Great Mankai Chapter
131005,AMAIM Warrior at the Borderline
133965,Komi Can’t Communicate
127401,Platinum End
131565,takt op.Destiny
129898,The World's Finest Assassin Gets Reincarnated in Another World as an Aristocrat
126213,"Banished from the Hero’s Party, I Decided to Live a Quiet Life in the Countryside"
108987,SAKUGAN
127412,Taisho Otome Fairy Tale
112716,Muv-Luv Alternative
126793,PuraOre! ~Pride of Orange~
138699,Pokémon Evolutions
132473,The Faraway Paladin
120646,My Senpai is Annoying
138714,The Heike Story
113717,Ranking of Kings
132525,BUILD-DIVIDE -#000000- CODE BLACK
122052,Fena: Pirate Princess
126393,Ancient Girl’s Frame
131681,Attack on Titan Final Season Part 2
142329,Demon Slayer: Kimetsu no Yaiba Entertainment District Arc
132405,My Dress-Up Darling
135136,The Case Study of Vanitas Part 2
122808,Princess Connect! Re:Dive Season 2
130591,Sabikui Bisco
131548,Akebi’s Sailor Uniform
112323,Arifureta: From Commonplace to World's Strongest Season 2
139648,How a Realist Hero Rebuilt the Kingdom Part 2
134252,Life With an Ordinary Guy Who Reincarnated Into a Total Fantasy Knockout
127549,Slow Loop
129190,The Genius Prince's Guide to Raising a Nation Out of Debt
130166,In the Land of Leadale
127050,Love of Kill
140643,Tokyo 24th Ward
137312,Police in a Pod
129191,The Strongest Sage with the Weakest Crest
125682,CUE!
118465,World's End Harem
136428,Miss KUROITSU from the Monster Development Department
139804,Tribe Nine
128034,ORIENT
128828,Girls’ Frontline
119056,She Professed Herself Pupil of the Wise Man
140960,SPY x FAMILY
111321,The Rising of the Shield Hero Season 2
127911,Shikimori's Not Just a Cutie
137281,Aharen-san wa Hakarenai
129201,Summer Time Rendering
140457,I'm Quitting Heroing
130586,The Greatest Demon Lord Is Reborn as a Typical Nobody
132474,Skeleton Knight in Another World
132052,A Couple of Cuckoos
142074,Trapped in a Dating Sim: The World of Otome Games Is Tough for Mobs
129193,The Executioner and Her Way of Life
125124,"Science Fell in Love, So I Tried to Prove It r=1-sinθ"
141774,Ya Boy Kongming!
133175,The Dawn of the Witch
121176,Ascendance of a Bookworm Season 3
123330,The Demon Girl Next Door Season 2
132532,Deaimon: Recipe for Happiness
132171,Dance Dance Danseur
133412,Healer Girl
132526,BUILD-DIVIDE -#​FFFFFF- CODE WHITE
143203,AMAIM Warrior at the Borderline Part 2
97682,Grimoire of Zero
130592,The Devil is a Part-Timer! Season 2
124410,Rent-a-Girlfriend Season 2
145545,Classroom of the Elite Season 2
133844,Overlord IV
114745,Made in Abyss: The Golden City of the Scorching Sun
141391,Call of the Night
129196,Is It Wrong to Try to Pick Up Girls in a Dungeon? IV
136934,My Stepmom's Daughter is My Ex
129192,My Isekai Life: I Gained a Second Character Class and Became the Strongest Sage in the World!
146625,Engage Kiss
128223,When Will Ayumu Make His Move?
143270,Lycoris Recoil
127090,Harem in the Labyrinth of Another World
146210,Vermeil in Gold
139093,SHADOWS HOUSE 2nd Season
117196,TOKYO MEW MEW NEW
140642,Love Live! Superstar!! Season 2
103118,League of Nations Air Force Aviation Magic Band Luminous Witches
144509,Prima Doll
149874,Smile of the Arsnotoria the Animation
149326,The Maid I Hired Recently is Mysterious
145260,Black Summoner
136707,Parallel World Pharmacy
146637,ORIENT Part 2
146650,Shine on! Bakumatsu Bad Boys
127230,Chainsaw Man
142838,SPY x FAMILY Cour 2
140439,Mob Psycho 100 III
139630,My Hero Academia Season 6
138565,To Your Eternity Season 2
130298,The Eminence in Shadow
124395,Uzaki-chan Wants to Hang Out! Season 2
139587,Reincarnated as a Sword
139092,Welcome to Demon School! Iruma-kun Season 3
145604,Shinobi no Ittoki
139820,"I'm the Villainess, So I'm Taming the Final Boss"
141949,"More than a Married Couple, but Not Lovers."
139274,Mobile Suit Gundam: The Witch from Mercury
131516,Do It Yourself!!
150695,Beast Tamer
130003,BOCCHI THE ROCK!
145815,I've Somehow Gotten Stronger When I Improved My Farm-Related Skills
151379,Akiba Maid War
142701,Raven of the Inner Palace
21294,KanColle Season 2: Let's Meet at Sea
144533,Bibliophile Princess
146233,Immoral Guild
139369,Management of a Novice Alchemist
146676,LOVE FLOPS
142985,Muv-Luv Alternative Season 2
137822,BLUE LOCK
136430,Vinland Saga Season 2
130588,The Misfit of Demon King Academy Ⅱ: History's Strongest Demon King Reincarnates and Goes to School with His Descendants
142853,Tokyo Revengers Season 2
151806,Tomo-chan Is a Girl!
140596,"DON'T TOY WITH ME, MISS NAGATORO 2nd Attack"
143338,The Angel Next Door Spoils Me Rotten
116867,"BOFURI: I Don't Want to Get Hurt, so I'll Max Out My Defense. Season 2"
146323,Spy Classroom
151252,The Ice Guy and His Cool Female Colleague
148969,Kubo Won't Let Me Be Invisible
153629,The Magical Revolution of the Reincarnated Princess and the Genius Young Lady
155211,Is It Wrong to Try to Pick Up Girls in a Dungeon? IV Part 2
126529,In/Spectre 2
144553,The Reincarnation of the Strongest Exorcist in Another World
137909,Ningen Fushin: Adventurers Who Don’t Believe in Humanity Will Save the World
156067,Campfire Cooking in Another World with my Absurd Skill
147864,ONIMAI: I'm Now Your Sister!
146850,Farming Life in Another World
148116,The Iceblade Sorcerer Shall Rule the World
142193,Reborn to Master the Blade: From Hero-King to Extraordinary Squire
144092,Handyman Saitou in Another World
152523,Chillin’ in My 30s after Getting Fired from the Demon King’s Army
135778,HIGH CARD
135102,By the Grace of the Gods 2
146954,"The Fruit of Evolution: Before I Knew It, My Life Had It Made Season 2"
155202,Revenger
142849,Ayakashi Triangle
143064,Endo and Kobayashi Live! The Latest on Tsundere Villainess Lieselotte
139821,Sugar Apple Fairy Tale
152765,"Saving 80,000 Gold in Another World for My Retirement"
155089,GIANT BEASTS OF ARS
141785,Malevolent Spirits: Mononogatari
151679,The tale of outcasts
158870,Pokémon: To Be a Pokémon Master: Ultimate Journeys: The Series
145139,Demon Slayer: Kimetsu no Yaiba Swordsmith Village Arc
128893,Hell’s Paradise
131518,Dr. STONE New World
150672,Oshi No Ko
150075,KONOSUBA -An Explosion on This Wonderful World!
151801,MASHLE: MAGIC AND MUSCLES
154965,My Love Story with Yamada-kun at Lv999
155783,Tengoku Daimakyo
141208,TONIKAWA: Over The Moon For You Season 2
153845,"I Got a Cheat Skill in Another World and Became Unrivaled in The Real World, Too"
143653,Insomniacs After School
141911,Skip and Loafer
153152,The Dangers in My Heart
151189,My Home Hero
147571,In Another World With My Smartphone 2
154364,The Ancient Magus' Bride Season 2
140754,Summoned to Another World for a Second Time
153452,Ranking of Kings: The Treasure Chest of Courage
148098,A Galaxy Next Door
157198,Dead Mount Death Play
148048,KamiKatsu: Working for God in a Godless World
148109,The Legendary Hero is Dead!
153332,The Aristocrat’s Otherworldly Adventure: Serving Gods Who Go Too Far
151847,Why Raeliana Ended Up at the Duke’s Mansion
127550,Kuma Kuma Kuma Bear - Punch!
155158,Mobile Suit Gundam: The Witch from Mercury Season 2
146234,My One-Hit Kill Sister
134131,Magical Destroyers
154412,The Café Terrace and Its Goddesses
149028,Yuri Is My Job!
157295,My Clueless First Friend
154876,TOKYO MEW MEW NEW Season 2
157765,Stella of the Theater: World Dai Star
128715,Sacrificial Princess and the King of Beasts
146065,Mushoku Tensei: Jobless Reincarnation Season 2
163132,Horimiya: The Missing Pieces
146953,Masamune-kun's Revenge R
154745,Rent-a-Girlfriend Season 3
160188,The Girl I Like Forgot Her Glasses
155168,The Devil is a Part-Timer! Season 2 Part 2
131863,"Liar, Liar"
142598,Reign of the Seven Spellblades
142877,Rurouni Kenshin (2023)
139435,The Duke of Death and His Maid Season 2
153360,"Reborn as a Vending Machine, I Now Wander the Dungeon"
139606,Classroom for Heroes
155730,My Tiny Senpai
154391,Am I Actually the Strongest?
162893,Atelier Ryza: Ever Darkness & the Secret Hideout The Animation
148465,My Unique Skill Makes Me OP even at Level 1
156040,The Most Heretical Last Boss Queen: From Villainess to Savior
163542,Spy Classroom Season 2
163079,Sugar Apple Fairy Tale Season 2
153339,Sweet Reincarnation
155418,The Great Cleric
163205,Malevolent Spirits: Mononogatari Cour 2
145064,JUJUTSU KAISEN Season 2
159831,Zom 100: Bucket List of the Dead
147103,My Happy Marriage
157397,The Dreaming Boy is a Realist
162983,Undead Murder Farce
152802,Dark Gathering
160447,TenPuru
150972,Saint Cecilia & Pastor Lawrence
166104,TONIKAWA: Over The Moon For You ~High School Days~
158530,The Gene of AI
158927,SPY x FAMILY Season 2
111322,The Rising of the Shield Hero Season 3
154587,Frieren: Beyond Journey’s End
129188,GOBLIN SLAYER II
161964,The Eminence in Shadow Season 2
162670,Dr. STONE New World Part 2
163329,Tokyo Revengers Season 2 Part 2
160900,The Kingdoms of Ruin
162694,"The 100 Girlfriends Who Really, Really, Really, Really, REALLY Love You"
146493,Ragna Crimson
154459,Our Dating Story: The Experienced You and The Inexperienced Me
151970,Shangri-La Frontier
156039,Berserk of Gluttony
158926,Ron Kamonohashi's Forbidden Deductions
143085,The Faraway Paladin: The Lord of Rust Mountains
158704,I'm in Love with the Villainess
140501,The Demon Sword Master of Excalibur Academy
154692,"Girlfriend, Girlfriend Season 2"
159808,The Vexations of a Shut-In Vampire Princess
162803,Dead Mount Death Play Part 2
163142,A Returner's Magic Should Be Special
146206,The Saint's Magic Power is Omnipotent II
155389,SHY
154214,I'm Giving the Disgraced Noble Lady I Rescued a Crash Course in Naughtiness
156184,My Daughter Left the Nest and Returned an S-Rank Adventurer
155419,Stardust Telepath
166452,The Ancient Magus' Bride Season 2 Part 2
154384,Tearmoon Empire
161364,A Playthrough of a Certain Dude's VRMMO Life
159559,16bit Sensation: Another Layer
164312,The Yuzuki Family’s Four Sons
161992,I Shall Survive Using Potions!
168092,Pokémon: Paldean Winds
151807,Solo Leveling
146066,Classroom of the Elite Season 3
166610,MASHLE: MAGIC AND MUSCLES Season 2
141821,Chained Soldier
139518,TSUKIMICHI -Moonlit Fantasy- Season 2
166794,A Sign of Affection
166216,The Dangers in My Heart Season 2
158931,Blue Exorcist -Shimane Illuminati Saga-
143866,Bottom-Tier Character Tomozaki 2nd Stage
162780,Gushing Over Magical Girls
162985,Metallic Rouge
156131,"Banished from the Hero’s Party, I Decided to Live a Quiet Life in the Countryside Season 2"
153818,The Witch and the Beast
137908,The Wrong Way to Use Healing Magic
158028,My Instant Death Ability is Overpowered
163076,Villainess Level 99: I May Be the Hidden Boss but I'm Not the Demon Lord
164244,The Foolish Angel Dances with the Devil
147642,The Unwanted Undead Adventurer
168374,7th Time Loop: The Villainess Enjoys a Carefree Life Married to Her Worst Enemy!
160389,Tales of Wedding Rings
152682,Sasaki and Peeps
162144,Doctor Elise: The Royal Lady with the Lamp
156891,The Weakest Tamer Began a Journey to Pick Up Trash
152072,Fluffy Paradise
169935,The Strongest Tank's Labyrinth Raids -A Tank with a Rare 9999 Resistance Skill Got Kicked from the Hero's Party-
168194,Sengoku Youko
167146,The Demon Prince of Momochi House
163151,HIGH CARD Season 2
136804,KONOSUBA -God's blessing on this wonderful world! 3
166873,Mushoku Tensei: Jobless Reincarnation Season 2 Part 2
153288,Kaiju No.8
156822,That Time I Got Reincarnated as a Slime Season 3
163139,My Hero Academia Season 7
163270,WIND BREAKER
145728,Spice and Wolf: MERCHANT MEETS THE WISE WOLF
130590,The Misfit of Demon King Academy II (Cour 2)
156415,I Was Reincarnated as the 7th Prince So I Can Take My Time Perfecting My Magical Ability
170130,Chillin' in Another World with Level 2 Super Cheat Powers
156023,An Archdemon's Dilemma: How to Love Your Elf Bride
143271,The Irregular at Magic High School Season 3
160181,Whisper Me a Love Song
163078,Jellyfish Can’t Swim in the Night
158709,Unnamed Memory
165855,A Condition Called Love
155890,BARTENDER Glass of God
169417,Re:Monster
168138,Grandpa and Grandma Turn Young Again
164702,"As a Reincarnated Aristocrat, I'll Use My Appraisal Skill to Rise in the World"
155908,Laid-Back Camp Season 3
144176,Gods' Games We Play
160090,Mysterious Disappearances
170890,THE NEW GATE
109731,Sound! Euphonium 3
155657,Train to the End of the World
166372,The Banished Former Hero Lives as He Pleases
159039,The Many Sides of Voice Actor Radio
169927,"Studio Apartment, Good Lighting, Angel Included"
166828,A Salad Bowl of Eccentrics
169584,The Duke of Death and His Maid Season 3
170604,Vampire Dormitory
171040,Astro Note
170503,YATAGARASU: The Raven Does Not Choose Its Master
166240,Demon Slayer: Kimetsu no Yaiba Hashira Training Arc
166531,Oshi no Ko Season 2
153406,Tower of God Season 2
162804,Alya Sometimes Hides Her Feelings in Russian
166710,Suicide Squad ISEKAI
152681,Days with My Stepsister
175977,My Deer Friend Nokotan
173533,MONOGATARI Series: OFF & MONSTER Season
152137,No Longer Allowed in Another World
173584,The Strongest Magician in the Demon Lord's Army was a Human
166477,The Café Terrace and Its Goddesses Season 2
163292,"The Ossan Newbie Adventurer, Trained to Death by the Most Powerful Party, Became Invincible"
174070,Tasuketsu -Fate of the Majority-
176660,Sengoku Youko: The Thousandfold Chaos Arc
171748,SHY Season 2
157371,"Bye Bye, Earth"
171031,A Journey Through Another World: Raising Kids While Adventuring
170695,I Parry Everything
167144,Love Is Indivisible by Twins
171457,Makeine: Too Many Losing Heroines!
175450,My Wife Has No Emotion
167419,Why Does Nobody Remember Me in This World?
154963,ATRI -My Dear Moments-
174576,Wistoria: Wand and Sword
173694,Failure Frame: I Became the Strongest and Annihilated Everything with Low-Level Spells
163623,Pseudo Harem
162896,The Elusive Samurai
173295,SHOSHIMIN: How to Become Ordinary
158559,2.5 Dimensional Seduction
160488,VTuber Legend: How I Went Viral after Forgetting to Turn Off My Stream
168623,Dahlia in Bloom: Crafting a Fresh Start with Magical Tools
172416,A Nobody's Way Up to an Exploration Hero
174044,MAYONAKA PUNCH
163077,Quality Assurance in Another World
170891,Narenare -Cheer for you!-
168345,Dungeon People
171018,DAN DA DAN
163134,Re:ZERO -Starting Life in Another World- Season 3
163146,BLUE LOCK Season 2
141182,Seirei Gensouki: Spirit Chronicles Season 2
172190,You are Ms. Servant
173693,Loner Life in Another World
167141,Sword Art Online Alternative: Gun Gale Online II
178533,Ranma1/2 (2024)
175019,Let This Grieving Soul Retire
165790,365 Days to the Wedding
178434,"As a Reincarnated Aristocrat, I'll Use My Appraisal Skill to Rise in the World Season 2"
163135,DEMON LORD 2099
177104,"The Most Notorious ""Talker"" Runs the World's Greatest Clan"
168139,I’ll Become a Villainess Who Goes Down in History
174043,"The Healer Who Was Banished From His Party, Is, in Fact, the Strongest"
176311,Blue Exorcist -Beyond the Snow Saga-
176053,"Good Bye, Dragon Life"
162785,TsumaSho
172355,Ron Kamonohashi’s Forbidden Deductions Season 2
164299,The Do-Over Damsel Conquers the Dragon Emperor
168500,"Demon Lord, Retry! R"
171038,Nina the Starry Bride
171025,Magilumiere Magical Girls Inc.
107372,The Stories of Girls Who Couldn't Be Magicians
157965,Acro Trip
155502,Love Live! Superstar!! Season 3
154673,Mecha Ude: Mechanical Arms
104276,My Hero Academia Season 4
107693,Welcome to Demon School! Iruma-kun
104722,ASSASSINS PRIDE
104052,Stars Align
112153,Pokémon Journeys: The Series
103301,ENDRO!
103638,Case File nº221: Kabukicho
103222,Magical Girl Spec-Ops Asuka
104679,Chidori RSC
